{"cameraMode":{"drawMode":0,"name":"Shaded","section":"Shading Mode"},"sceneLighting":false,"audioPlay":false,"sceneViewState":{"showFog":true,"showMaterialUpdate":false,"showSkybox":true,"showFlares":true,"showImageEffects":true,"showParticleSystems":true},"in2DMode":false,"pivot":{"x":-18.048084259033204,"y":1.8901426792144776,"z":13.736335754394532},"rotation":{"x":-0.10647876560688019,"y":-0.1715245544910431,"z":0.018651235848665239,"w":-0.9792312383651733},"size":2.708725690841675,"orthographic":false}