{"cameraMode":{"drawMode":0,"name":"Shaded","section":"Shading Mode"},"sceneLighting":false,"audioPlay":false,"sceneViewState":{"showFog":true,"showMaterialUpdate":false,"showSkybox":true,"showFlares":true,"showImageEffects":true,"showParticleSystems":true},"in2DMode":false,"pivot":{"x":0.0,"y":0.5547555685043335,"z":0.14398622512817384},"rotation":{"x":-0.23454466462135316,"y":-0.44358399510383608,"z":0.12148173153400421,"w":-0.8564252853393555},"size":3.6116127967834474,"orthographic":false}