{"cameraMode":{"drawMode":0,"name":"Shaded","section":"Shading Mode"},"sceneLighting":false,"audioPlay":false,"sceneViewState":{"showFog":true,"showMaterialUpdate":false,"showSkybox":true,"showFlares":true,"showImageEffects":true,"showParticleSystems":true},"in2DMode":false,"pivot":{"x":0.334316611289978,"y":-18.978572845458986,"z":41.08872985839844},"rotation":{"x":-0.22778604924678803,"y":0.007885310798883438,"z":-0.0018447129987180234,"w":-0.9736775755882263},"size":2.8578836917877199,"orthographic":false}