{"cameraMode":{"drawMode":0,"name":"Shaded","section":"Shading Mode"},"sceneLighting":false,"audioPlay":false,"sceneViewState":{"showFog":true,"showMaterialUpdate":false,"showSkybox":true,"showFlares":true,"showImageEffects":true,"showParticleSystems":true},"in2DMode":false,"pivot":{"x":-0.4628753662109375,"y":-2.045417308807373,"z":6.588587284088135},"rotation":{"x":-0.15702752768993379,"y":0.47254475951194765,"z":-0.08598880469799042,"w":-0.862930953502655},"size":1.2248893976211548,"orthographic":false}