{"cameraMode":{"drawMode":0,"name":"Shaded","section":"Shading Mode"},"sceneLighting":false,"audioPlay":false,"sceneViewState":{"showFog":true,"showMaterialUpdate":false,"showSkybox":true,"showFlares":true,"showImageEffects":true,"showParticleSystems":true},"in2DMode":false,"pivot":{"x":1.899999976158142,"y":0.019999980926513673,"z":8.859999656677246},"rotation":{"x":-0.17181628942489625,"y":0.45612701773643496,"z":-0.0902363508939743,"w":-0.8684956431388855},"size":2.9149062633514406,"orthographic":false}